{"cameraMode":{"drawMode":0,"name":"Shaded","section":"Shading Mode"},"sceneLighting":false,"audioPlay":false,"sceneViewState":{"m_AlwaysRefresh":false,"showFog":true,"showSkybox":false,"showFlares":true,"showImageEffects":true,"showParticleSystems":true,"showVisualEffectGraphs":true,"m_FxEnabled":true},"in2DMode":false,"pivot":{"x":0.0009805411100387574,"y":-0.26877912878990176,"z":-0.5098116397857666},"rotation":{"x":-0.05135929584503174,"y":0.9113700985908508,"z":-0.11990021169185639,"w":-0.3903786540031433},"size":0.2305804193019867,"orthographic":false}