{"cameraMode":{"drawMode":0,"name":"Shaded","section":"Shading Mode"},"sceneLighting":true,"audioPlay":false,"sceneViewState":{"m_AlwaysRefresh":false,"showFog":true,"showSkybox":true,"showFlares":true,"showImageEffects":true,"showParticleSystems":true,"showVisualEffectGraphs":true,"m_FxEnabled":true},"in2DMode":false,"pivot":{"x":0.0009848922491073609,"y":-0.15440000593662263,"z":-0.5096885561943054},"rotation":{"x":-0.026550741866230966,"y":0.9629764556884766,"z":-0.10324781388044357,"w":-0.24763134121894837},"size":0.2007526159286499,"orthographic":false}