{"cameraMode":{"drawMode":0,"name":"Shaded","section":"Shading Mode"},"sceneLighting":true,"audioPlay":false,"sceneViewState":{"m_AlwaysRefresh":false,"showFog":true,"showSkybox":true,"showFlares":true,"showImageEffects":true,"showParticleSystems":true,"showVisualEffectGraphs":true,"m_FxEnabled":true},"in2DMode":false,"pivot":{"x":0.019195936620235444,"y":-0.1528790146112442,"z":-0.48397770524024966},"rotation":{"x":-0.05135929584503174,"y":0.9113700985908508,"z":-0.11990021169185639,"w":-0.3903786540031433},"size":0.10541319847106934,"orthographic":false}