{"cameraMode":{"drawMode":0,"name":"Shaded","section":"Shading Mode"},"sceneLighting":true,"audioPlay":false,"sceneViewState":{"m_AlwaysRefresh":false,"showFog":true,"showSkybox":true,"showFlares":true,"showImageEffects":true,"showParticleSystems":true,"showVisualEffectGraphs":true,"m_FxEnabled":true},"in2DMode":false,"pivot":{"x":-0.05083903670310974,"y":-0.17771664261817933,"z":-0.5049625635147095},"rotation":{"x":-0.026550741866230966,"y":0.9629764556884766,"z":-0.10324781388044357,"w":-0.24763134121894837},"size":0.23777686059474946,"orthographic":false}