{"cameraMode":{"drawMode":0,"name":"Shaded","section":"Shading Mode"},"sceneLighting":true,"audioPlay":false,"sceneViewState":{"m_AlwaysRefresh":false,"showFog":true,"showSkybox":true,"showFlares":true,"showImageEffects":true,"showParticleSystems":true,"showVisualEffectGraphs":true,"m_FxEnabled":true},"in2DMode":false,"pivot":{"x":-0.06841413676738739,"y":-0.19805197417736054,"z":-0.41580671072006228},"rotation":{"x":0.11849959194660187,"y":-0.14099770784378053,"z":0.017002128064632417,"w":0.9827513694763184},"size":0.37916627526283266,"orthographic":false}